{
    "fs_file_path": "shader.fs.glsl",
    "output_texture_size": [
        1280,
        960
    ],
    "uniforms": {
        "u_blink_frequency_1f": 2.0,
        "u_color_3f": [
            0.8939999938011169,
            0.49399998784065247,
            0.04699999839067459
        ],
        "u_radius_1f": 0.7400000095367432,
        "u_smoothness_1f": 0.029999999329447746,
        "u_sp_center_2f": [
            0.0,
            0.0
        ],
        "u_texture_1i": "textures/u_texture.png",
        "u_thickness_1f": 0.14000000059604645
    }
}