{
    "canvas_size": [
        1080,
        1920
    ],
    "uniforms": {
        "u_debug_step": 0,
        "u_depth": 4.489999771118164,
        "u_flicker_amp": 0.3199999928474426,
        "u_flicker_speed": 1.1699999570846558,
        "u_glow_radius": 1.7300000190734863,
        "u_glow_strength": 0.7900000214576721,
        "u_scale": 1.0,
        "u_step1text": [
            66,
            65,
            83,
            69,
            32,
            71,
            82,
            65,
            68,
            73,
            69,
            78,
            84,
            10,
            72,
            69,
            65,
            84,
            32,
            61,
            32,
            69,
            88,
            80,
            40,
            45,
            49,
            46,
            52,
            42,
            89,
            41,
            0,
            0,
            0,
            0
        ],
        "u_step2text": [
            100,
            111,
            109,
            97,
            105,
            110,
            32,
            119,
            97,
            114,
            112,
            10,
            102,
            98,
            109,
            40,
            112,
            43,
            52,
            42,
            102,
            98,
            109,
            40,
            112,
            43,
            52,
            42,
            102,
            98,
            109,
            41,
            0,
            0,
            0,
            0
        ],
        "u_step3text": [
            83,
            73,
            76,
            72,
            79,
            85,
            69,
            84,
            84,
            69,
            10,
            66,
            85,
            82,
            78,
            32,
            61,
            32,
            70,
            73,
            69,
            76,
            68,
            42,
            70,
            85,
            69,
            76,
            42,
            67,
            79,
            76,
            85,
            77,
            78,
            0
        ],
        "u_step4text": [
            84,
            69,
            77,
            80,
            69,
            82,
            65,
            84,
            85,
            82,
            69,
            10,
            82,
            69,
            68,
            32,
            60,
            32,
            89,
            69,
            76,
            76,
            79,
            87,
            32,
            60,
            32,
            87,
            72,
            73,
            84,
            69,
            0,
            0,
            0,
            0
        ],
        "u_step5text": [
            84,
            85,
            82,
            66,
            85,
            76,
            69,
            78,
            84,
            32,
            69,
            68,
            71,
            69,
            10,
            87,
            65,
            82,
            80,
            32,
            80,
            59,
            32,
            69,
            65,
            84,
            32,
            69,
            68,
            71,
            69,
            0,
            0,
            0,
            0,
            0
        ],
        "u_step6text": [
            69,
            77,
            73,
            83,
            83,
            73,
            86,
            69,
            32,
            71,
            76,
            79,
            87,
            10,
            65,
            85,
            82,
            65,
            32,
            61,
            32,
            45,
            69,
            88,
            80,
            40,
            82,
            42,
            68,
            42,
            68,
            41,
            0,
            0,
            0,
            0
        ],
        "u_step7text": [
            70,
            76,
            73,
            67,
            75,
            69,
            82,
            10,
            76,
            73,
            71,
            72,
            84,
            32,
            61,
            32,
            49,
            32,
            43,
            32,
            115,
            117,
            109,
            32,
            115,
            105,
            110,
            40,
            119,
            42,
            116,
            41,
            0,
            0,
            0,
            0
        ],
        "u_step8text": [
            69,
            77,
            66,
            69,
            82,
            83,
            10,
            104,
            97,
            115,
            104,
            40,
            99,
            101,
            108,
            108,
            41,
            32,
            62,
            32,
            48,
            46,
            56,
            52,
            32,
            114,
            105,
            115,
            101,
            115,
            0,
            0,
            0,
            0,
            0,
            0
        ],
        "u_step9text": [
            68,
            69,
            80,
            84,
            72,
            10,
            66,
            65,
            67,
            75,
            32,
            76,
            65,
            89,
            69,
            82,
            32,
            42,
            32,
            48,
            46,
            55,
            53,
            44,
            32,
            68,
            73,
            77,
            77,
            69,
            68,
            0,
            0,
            0,
            0,
            0
        ],
        "u_text_color": [
            1.0,
            0.949999988079071,
            0.8500000238418579
        ],
        "u_text_fade_in": 0.4000000059604645,
        "u_text_fade_out": 0.4000000059604645,
        "u_text_hold_extra": 0.0,
        "u_text_line_gap": 0.1899999976158142,
        "u_text_pos": [
            0.0,
            1.7699999809265137
        ],
        "u_text_sharp": 0.05999999865889549,
        "u_text_size": 0.18000000715255737,
        "u_text_spacing": 0.7300000190734863,
        "u_text_weight": 0.10000000149011612
    },
    "ui_state": {
        "ui_name": "fire (timed reveal)",
        "description": "Single shader, 9 steps reveal 1.5s apart and STACK, then hold the final image 3.5s, then loop (17s). Final state == v11. Shorts 9:16.",
        "render_media_details": {
            "is_video": true,
            "file_details": {
                "path": "",
                "size": 0
            },
            "resolution_details": {
                "width": 1080,
                "height": 1920
            },
            "quality": 0,
            "fps": 30,
            "duration": 17.0
        },
        "ui_uniforms": {
            "260085533400259490348506664942395818974": {
                "name": "u_aspect",
                "is_ubo": false,
                "gl_type": 5126,
                "dimension": 1,
                "array_length": 1,
                "input_type": "auto"
            },
            "37154164850612245702881750831795076973": {
                "name": "u_time",
                "is_ubo": false,
                "gl_type": 5126,
                "dimension": 1,
                "array_length": 1,
                "input_type": "auto"
            },
            "179460743686163863104902173045726710844": {
                "name": "u_debug_step",
                "is_ubo": false,
                "gl_type": 5125,
                "dimension": 1,
                "array_length": 1,
                "input_type": "drag"
            },
            "160478429207965359617119139785315038288": {
                "name": "u_depth",
                "is_ubo": false,