{
    "canvas_size": [
        1080,
        1080
    ],
    "uniforms": {
        "u_animation_period": 3.0,
        "u_blink_speed": 2.3399999141693115,
        "u_char_scale": 0.2800000011920929,
        "u_offset": [
            0.05000000074505806,
            -0.44999998807907104
        ],
        "u_text[0]": [
            1059,
            32,
            1050,
            1054,
            1043,
            1054,
            45,
            1058,
            1054,
            32,
            1060,
            1059,
            1052,
            1048,
            1043,
            1040,
            1058,
            1054,
            1056,
            0,
            0,
            0,
            0,
            0,
            0,
            0,
            0,
            0,
            0,
            0,
            0,
            0,
            0,
            0,
            0,
            0,
            0,
            0,
            0,
            0,
            0,
            0,
            0,
            0,
            0,
            0,
            0,
            0,
            0,
            0,
            0,
            0,
            0,
            0,
            0,
            0,
            0,
            0,
            0,
            0,
            0,
            0,
            0,
            0
        ],
        "u_text[1]": [
            1040,
            32,
            1059,
            32,
            1052,
            1045,
            1053,
            1071,
            32,
            1050,
            1059,
            1053,
            1043,
            45,
            1060,
            1059,
            32,
            1052,
            1048,
            1043,
            1040,
            1051,
            1050,
            1040,
            0,
            0,
            0,
            0,
            0,
            0,
            0,
            0,
            0,
            0,
            0,
            0,
            0,
            0,
            0,
            0,
            0,
            0,
            0,
            0,
            0,
            0,
            0,
            0,
            0,
            0,
            0,
            0,
            0,
            0,
            0,
            0,
            0,
            0,
            0,
            0,
            0,
            0,
            0,
            0
        ],
        "u_text_smoothness": 0.03999999910593033,
        "u_text_spacing": [
            -0.7799999713897705,
            0.47999998927116394
        ],
        "u_text_thickness": 0.03999999910593033,
        "u_zoomout": 5.559999942779541
    },
    "ui_state": {
        "ui_name": "Kung Fu Siren",
        "render_media_details": {
            "is_video": true,
            "file_details": {
                "path": "",
                "size": 0
            },
            "resolution_details": {
                "width": 0,
                "height": 0
            },
            "quality": 0,
            "fps": 30,
            "duration": 1.0
        },
        "ui_uniforms": {
            "260085533400259490348506664942395818974": {
                "name": "u_aspect",
                "gl_type": 5126,
                "dimension": 1,
                "array_length": 1,
                "input_type": "auto"
            },
            "236213899470479700316631155775786327073": {
                "name": "u_char_scale",
                "gl_type": 5126,
                "dimension": 1,
                "array_length": 1,
                "input_type": "drag"
            },
            "260629952299707989589611984375333521846": {
                "name": "u_offset",
                "gl_type": 35664,
                "dimension": 2,
                "array_length": 1,
                "input_type": "drag"
            },
            "329687756358551023569655392199314929713": {
                "name": "u_text[0]",
                "gl_type": 5125,
                "dimension": 1,
                "array_length": 64,
                "input_type": "text"
            },
            "35376269741260153526277969501082733192": {
                "name": "u_text[1]",
                "gl_type": 5125,
                "dimension": 1,
                "array_length": 64,
                "input_type": "text"
            },
            "337908202291589838803764372275075387700": {
                "name": "u_text[2]",
                "gl_type": 5125,
                "dimension": 1,
                "array_length": 64,
                "input_type": "text"
            },
            "183543307082416608884519225484308431530": {
                "name": "u_text_color",
                "gl_type": 35665,
                "dimension": 3,
                "array_length": 1,
                "input_type": "color"
            },
            "251013143038755702551577541197126192762": {
                "name": "u_text_smoothness",
                "gl_type": 5126,
                "dimension": 1,
                "array_length": 1,
                "input_type": "drag"
            },
            "34000617721421200058381681420356492834": {
                "name": "u_text_spacing",
                "gl_type": 35664,
                "dimension": 2,
                "array_length": 1,
                "input_type": "drag"
            },
            "118819038468438939857032935935375560316": {
                "name": "u_text_thickness",
                "gl_type": 5126,
                "dimension": 1,
                "array_length": 1,
                "input_type": "drag"
            },
            "28817900879564012086563967923611592100": {
                "name": "u_zoomout",
                "gl_type": 5126,
                "dimension": 1,
                "array_length": 1,
                "input_type": "drag"
            },
            "202866653389117650863463432680324663425": {
                "name": "u_animation_period",
                "gl_type": 5126,
                "dimension": 1,
                "array_length": 1,
                "input_type": "drag"
            },
            "37154164850612245702881750831795076973": {
                "name": "u_time",
                "gl_type": 5126,
                "dimension": 1,
                "array_length": 1,
                "input_type": "auto"
            },
            "175179654276849601846676263067783849850": {
                "name": "u_blink_speed",
                "gl_type": 5126,
                "dimension": 1,
                "array_length": 1,
                "input_type": "drag"
            }
        },
        "resolution_idx": 2,
        "selected_uniform_name": "u_offset",
        "blur_kernel_size": 50,
        "normals_kernel_size": 3
    }
}
